lowest_taxon,transient,genus,site_code,collection_date,max_forklength,my_rep,carbon,nitrogen,sulfur,c_percent,n_percent,s_percent,order,family,species,guild,transient_type,is_diadromous,id
H.cyanoguttatus,Resident,Herichthys,AR,2020-01-15,40,1,-27.85101853,21.88745179,2.55,42.29,12.61,0.82,Cichliformes,Cichlidae,cyanoguttatus,Fish,Freshwater,Freshwater,NA
H.cyanoguttatus,Resident,Herichthys,AR,2020-01-15,80,1,-25.26300104,20.16069055,3.92,47.86,14.92,0.97,Cichliformes,Cichlidae,cyanoguttatus,Fish,Freshwater,Freshwater,NA
H.cyanoguttatus,Resident,Herichthys,AR,2020-01-15,120,1,-26.15469258,19.12028795,3.92,47.56,14.47,0.92,Cichliformes,Cichlidae,cyanoguttatus,Fish,Freshwater,Freshwater,NA
I.punctatus,Resident,Ictalurus,AR,2020-01-15,120,1,-26.68423595,19.78999007,4.48,44.62,13.09,0.82,Siluriformes,Ictaluridae,punctatus,Fish,Freshwater,Freshwater,NA
L.auritus,Resident,Lepomis,AR,2020-01-15,80,1,-27.91808614,19.34192656,1.48,48.43,15.01,0.91,Centrarchiformes,Centrarchidae,auritus,Fish,Freshwater,Freshwater,NA
L.auritus,Resident,Lepomis,AR,2020-01-15,80,2,-25.97568831,18.57222829,3.9,47.44,14.81,0.89,Centrarchiformes,Centrarchidae,auritus,Fish,Freshwater,Freshwater,NA
L.auritus,Resident,Lepomis,AR,2020-01-15,120,1,-24.26932158,15.57834449,4.86,52.08,16.68,0.92,Centrarchiformes,Centrarchidae,auritus,Fish,Freshwater,Freshwater,NA
L.auritus,Resident,Lepomis,AR,2020-01-15,120,2,-25.45367858,17.34500169,4.51,64.96,20.7,0.93,Centrarchiformes,Centrarchidae,auritus,Fish,Freshwater,Freshwater,NA
L.cyanellus,Resident,Lepomis,AR,2020-01-15,80,1,-27.13828823,21.15730335,2.3,46.96,14.39,0.97,Centrarchiformes,Centrarchidae,cyanellus,Fish,Freshwater,Freshwater,NA
L.cyanellus,Resident,Lepomis,AR,2020-01-15,80,2,-23.43594741,16.81949463,5.53,47.94,15.05,1.07,Centrarchiformes,Centrarchidae,cyanellus,Fish,Freshwater,Freshwater,NA
L.cyanellus,Resident,Lepomis,AR,2020-01-15,120,1,-25.21323693,20.57543881,4.6,47.37,14.8,0.94,Centrarchiformes,Centrarchidae,cyanellus,Fish,Freshwater,Freshwater,NA
L.cyanellus,Resident,Lepomis,AR,2020-01-15,120,2,-23.44813454,15.40672681,6.12,47.87,14.62,1.02,Centrarchiformes,Centrarchidae,cyanellus,Fish,Freshwater,Freshwater,NA
L.macrochirus,Resident,Lepomis,AR,2020-01-15,80,1,-24.92277705,18.58646354,4.1,49.99,15.17,1.01,Centrarchiformes,Centrarchidae,macrochirus,Fish,Freshwater,Freshwater,NA
L.macrochirus,Resident,Lepomis,AR,2020-01-15,80,2,-25.7961879,19.60769285,4.23,46.32,14.39,1.03,Centrarchiformes,Centrarchidae,macrochirus,Fish,Freshwater,Freshwater,NA
L.macrochirus,Resident,Lepomis,AR,2020-01-15,120,1,-24.7988477,18.18687344,4.78,48.62,14.23,1,Centrarchiformes,Centrarchidae,macrochirus,Fish,Freshwater,Freshwater,NA
L.macrochirus,Resident,Lepomis,AR,2020-01-15,120,2,-25.19995081,19.57961262,4.37,48.76,14.85,1.02,Centrarchiformes,Centrarchidae,macrochirus,Fish,Freshwater,Freshwater,NA
L.macrochirus,Resident,Lepomis,AR,2020-01-15,120,3,-24.36826271,19.00121181,4.06,48.76,14.61,1.06,Centrarchiformes,Centrarchidae,macrochirus,Fish,Freshwater,Freshwater,NA
L.macrochirus,Resident,Lepomis,AR,2020-01-15,120,4,-24.60591171,17.75091228,4.78,48.68,14.94,0.92,Centrarchiformes,Centrarchidae,macrochirus,Fish,Freshwater,Freshwater,NA
L.megalotis,Resident,Lepomis,AR,2020-01-15,40,1,-26.48272945,18.47041475,2.41,38.05,10.51,0.77,Centrarchiformes,Centrarchidae,megalotis,Fish,Freshwater,Freshwater,NA
L.megalotis,Resident,Lepomis,AR,2020-01-15,40,2,-27.49527668,19.29183833,1.7,43.94,12.9,0.98,Centrarchiformes,Centrarchidae,megalotis,Fish,Freshwater,Freshwater,NA
L.megalotis,Resident,Lepomis,AR,2020-01-15,40,3,-27.8388003,20.53677775,2.5,42.02,12.83,0.86,Centrarchiformes,Centrarchidae,megalotis,Fish,Freshwater,Freshwater,NA
L.megalotis,Resident,Lepomis,AR,2020-01-15,80,1,-26.92451285,18.94873757,4.09,49.27,15.09,1,Centrarchiformes,Centrarchidae,megalotis,Fish,Freshwater,Freshwater,NA
L.megalotis,Resident,Lepomis,AR,2020-01-15,80,2,-25.28839089,19.78126147,3.64,49.36,14.67,0.9,Centrarchiformes,Centrarchidae,megalotis,Fish,Freshwater,Freshwater,NA
L.megalotis,Resident,Lepomis,AR,2020-01-15,80,3,-24.66816864,20.19584068,1.99,42.67,12.95,0.99,Centrarchiformes,Centrarchidae,megalotis,Fish,Freshwater,Freshwater,NA
L.megalotis,Resident,Lepomis,AR,2020-01-15,80,4,-25.6255681,18.5440805,4.51,45.16,13.14,1.04,Centrarchiformes,Centrarchidae,megalotis,Fish,Freshwater,Freshwater,NA
L.cyanellus,Resident,Lepomis,EM,2020-01-15,80,1,-25.03105764,16.33763548,7,43.14,13.22,0.85,Centrarchiformes,Centrarchidae,cyanellus,Fish,Freshwater,Freshwater,NA
L.cyanellus,Resident,Lepomis,EM,2020-01-15,80,2,-24.40883741,14.96970648,7.87,44.98,13.67,0.87,Centrarchiformes,Centrarchidae,cyanellus,Fish,Freshwater,Freshwater,NA
L.cyanellus,Resident,Lepomis,EM,2020-01-15,80,3,-25.35978124,17.24017492,8.18,43.72,13.54,0.91,Centrarchiformes,Centrarchidae,cyanellus,Fish,Freshwater,Freshwater,NA
L.gulosus,Resident,Lepomis,EM,2020-01-15,40,1,-27.7490704,16.89906889,7.01,47.85,15.26,0.92,Centrarchiformes,Centrarchidae,gulosus,Fish,Freshwater,Freshwater,NA
L.macrochirus,Resident,Lepomis,EM,2020-01-15,40,1,-27.55354456,17.23954461,8.94,44,13.38,0.87,Centrarchiformes,Centrarchidae,macrochirus,Fish,Freshwater,Freshwater,NA
L.macrochirus,Resident,Lepomis,EM,2020-01-15,40,2,-28.47414536,16.64295884,8.62,36.36,10.64,0.77,Centrarchiformes,Centrarchidae,macrochirus,Fish,Freshwater,Freshwater,NA
L.macrochirus,Resident,Lepomis,EM,2020-01-15,40,3,-27.68796858,17.32290592,8.58,42.16,12.92,0.85,Centrarchiformes,Centrarchidae,macrochirus,Fish,Freshwater,Freshwater,NA
L.megalotis,Resident,Lepomis,EM,2020-01-15,40,1,-26.08054522,17.70138702,8.42,44.66,13.93,0.87,Centrarchiformes,Centrarchidae,megalotis,Fish,Freshwater,Freshwater,NA
L.megalotis,Resident,Lepomis,EM,2020-01-15,40,2,-25.19078856,17.08239183,7.9,45.19,14.03,0.92,Centrarchiformes,Centrarchidae,megalotis,Fish,Freshwater,Freshwater,NA
L.megalotis,Resident,Lepomis,EM,2020-01-15,40,3,-25.33229448,17.86119297,8.28,44.67,13.83,0.91,Centrarchiformes,Centrarchidae,megalotis,Fish,Freshwater,Freshwater,NA
N.gyrinus,Resident,Noturus,EM,2020-01-15,40,1,-26.33048974,16.20104345,7.67,36.4,11.54,0.84,Siluriformes,Ictaluridae,gyrinus,Fish,Freshwater,Freshwater,NA
N.gyrinus,Resident,Noturus,EM,2020-01-15,40,2,-25.53386407,16.98428312,7.48,35.15,10.73,0.75,Siluriformes,Ictaluridae,gyrinus,Fish,Freshwater,Freshwater,NA
N.gyrinus,Resident,Noturus,EM,2020-01-15,40,3,-25.29869955,16.66871694,7.65,36.63,11.14,0.74,Siluriformes,Ictaluridae,gyrinus,Fish,Freshwater,Freshwater,NA
G.affinis,Resident,Gambusia,GC,2020-01-15,40,1,-30.48229758,11.41355777,5.55,41.83,10.98,0.81,Cyprinodontiformes,Poeciliidae,affinis,Fish,Freshwater,Freshwater,NA
G.affinis,Resident,Gambusia,GC,2020-01-15,40,2,-30.2209658,11.72021225,2.06,41.3,10.54,0.78,Cyprinodontiformes,Poeciliidae,affinis,Fish,Freshwater,Freshwater,NA
G.affinis,Resident,Gambusia,GC,2020-01-15,40,3,-30.62551828,9.975972292,2.85,48.69,12.1,0.8,Cyprinodontiformes,Poeciliidae,affinis,Fish,Freshwater,Freshwater,NA
G.affinis,Resident,Gambusia,GC,2020-01-15,40,4,-30.65146031,13.77652255,3.77,49.56,12.47,0.71,Cyprinodontiformes,Poeciliidae,affinis,Fish,Freshwater,Freshwater,NA
L.gulosus,Resident,Lepomis,GC,2020-01-15,80,1,-31.70820517,14.3818736,-0.11,45.55,13.14,1.01,Centrarchiformes,Centrarchidae,gulosus,Fish,Freshwater,Freshwater,NA
L.gulosus,Resident,Lepomis,GC,2020-01-15,80,2,-31.35970189,8.822605387,2.75,45.8,13.87,0.98,Centrarchiformes,Centrarchidae,gulosus,Fish,Freshwater,Freshwater,NA
L.gulosus,Resident,Lepomis,GC,2020-01-15,120,1,-28.22000075,10.70324974,1.35,46.55,14.42,0.93,Centrarchiformes,Centrarchidae,gulosus,Fish,Freshwater,Freshwater,NA
L.gulosus,Resident,Lepomis,GC,2020-01-15,120,2,-29.20032937,10.27057995,1.83,48.19,14.93,0.98,Centrarchiformes,Centrarchidae,gulosus,Fish,Freshwater,Freshwater,NA
L.gulosus,Resident,Lepomis,GC,2020-01-15,120,3,-29.42757811,10.31617747,2.18,45.38,14.03,0.96,Centrarchiformes,Centrarchidae,gulosus,Fish,Freshwater,Freshwater,NA
L.humilis,Resident,Lepomis,GC,2020-01-15,80,1,-29.86678979,17.74148018,3.44,45.56,13.19,0.95,Centrarchiformes,Centrarchidae,humilis,Fish,Freshwater,Freshwater,NA
L.humilis,Resident,Lepomis,GC,2020-01-15,120,1,-30.05837168,11.93640932,3.05,49.97,15.24,1.03,Centrarchiformes,Centrarchidae,humilis,Fish,Freshwater,Freshwater,NA
L.macrochirus,Resident,Lepomis,GC,2020-01-15,80,1,-32.51632662,13.59109264,4.09,42.64,13.21,0.87,Centrarchiformes,Centrarchidae,macrochirus,Fish,Freshwater,Freshwater,NA
L.macrochirus,Resident,Lepomis,GC,2020-01-15,80,2,-32.24016336,15.32683821,3.03,43.39,12.83,0.73,Centrarchiformes,Centrarchidae,macrochirus,Fish,Freshwater,Freshwater,NA
L.macrochirus,Resident,Lepomis,GC,2020-01-15,80,3,-32.48402627,14.24447873,3.18,43.63,13.1,0.9,Centrarchiformes,Centrarchidae,macrochirus,Fish,Freshwater,Freshwater,NA
L.megalotis,Resident,Lepomis,GC,2020-01-15,80,1,-30.62088873,13.00947095,4.27,37.2,11.14,0.96,Centrarchiformes,Centrarchidae,megalotis,Fish,Freshwater,Freshwater,NA
L.megalotis,Resident,Lepomis,GC,2020-01-15,80,2,-30.90622347,14.8435045,2.99,45.32,13.57,0.93,Centrarchiformes,Centrarchidae,megalotis,Fish,Freshwater,Freshwater,NA
L.megalotis,Resident,Lepomis,GC,2020-01-15,80,3,-29.97073316,15.12418257,2.91,46.82,13.97,0.99,Centrarchiformes,Centrarchidae,megalotis,Fish,Freshwater,Freshwater,NA
L.megalotis,Resident,Lepomis,GC,2020-01-15,120,1,-28.98429022,15.65007396,1.77,43.57,13.02,0.92,Centrarchiformes,Centrarchidae,megalotis,Fish,Freshwater,Freshwater,NA
L.megalotis,Resident,Lepomis,GC,2020-01-15,120,2,-28.87627064,14.13522304,1.53,48.05,14.46,0.91,Centrarchiformes,Centrarchidae,megalotis,Fish,Freshwater,Freshwater,NA
L.megalotis,Resident,Lepomis,GC,2020-01-15,120,3,-28.88442306,15.09175766,2.29,45.46,13.5,0.95,Centrarchiformes,Centrarchidae,megalotis,Fish,Freshwater,Freshwater,NA
N.gyrinus,Resident,Noturus,GC,2020-01-15,80,1,-30.28562042,9.91289274,0.84,36.42,9.09,0.93,Siluriformes,Ictaluridae,gyrinus,Fish,Freshwater,Freshwater,NA
N.gyrinus,Resident,Noturus,GC,2020-01-15,80,2,-30.54547884,10.08413676,1.07,45.36,12.19,0.66,Siluriformes,Ictaluridae,gyrinus,Fish,Freshwater,Freshwater,NA
A.mitchilli,Transient,Anchoa,LN,2020-01-15,40,1,-22.35456196,13.46855226,15.16,36.09,11.65,0.7,Clupeiformes,Engraulidae,mitchilli,Fish,Amphidromous,Diadromous,NA
A.mitchilli,Transient,Anchoa,LN,2020-01-15,40,2,-19.98764637,8.115053013,14.4,27.07,9.08,0.93,Clupeiformes,Engraulidae,mitchilli,Fish,Amphidromous,Diadromous,NA
A.spatula,Transient,Atractosteus,LN,2020-01-15,80,1,-20.12356289,17.89940464,11.25,46,13.97,1.24,Lepisosteiformes,Lepisosteidae,spatula,Fish,Catadromous,Diadromous,NA
C.variegatus,Transient,Cyprinodon,LN,2020-01-15,80,2,-19.30072501,9.283058894,8.68,31.31,9.24,0.86,Cyprinodontiformes,Cyprinodontidae,variegatus,Fish,Euryhaline,Euryhaline,NA
F.grandis,Transient,Fundulus,LN,2020-01-15,80,1,-19.16406155,12.84247706,9.45,38.62,11.43,0.87,Cyprinodontiformes,Fundulidae,grandis,Fish,Euryhaline,Euryhaline,NA
G.dormitor,Transient,Gobiomorus,LN,2020-01-15,280,1,-21.66230278,13.26626625,7.54,41.73,12.52,1.14,Gobiiformes,Eleotridae,dormitor,Fish,Euryhaline,Euryhaline,NA
M.beryllina,Transient,Menidia,LN,2020-01-15,80,1,-24.60949729,13.79982795,11.21,38.59,11.4,0.87,Atheriniformes,Atherinopsidae,beryllina,Fish,Euryhaline,Euryhaline,NA
M.salmoides,Resident,Micropterus,LN,2020-01-15,360,1,-23.15938541,15.40587391,7.52,45.43,13.23,1.11,Centrarchiformes,Centrarchidae,salmoides,Fish,Freshwater,Freshwater,NA
G.affinis,Resident,Gambusia,MR,2020-01-15,40,1,-29.71553073,11.8752944,8.93,50.73,16.44,0.71,Cyprinodontiformes,Poeciliidae,affinis,Fish,Freshwater,Freshwater,NA
H.cyanoguttatus,Resident,Herichthys,MR,2020-01-15,80,1,-31.35815141,12.32223155,8.16,38.19,12.21,0.8,Cichliformes,Cichlidae,cyanoguttatus,Fish,Freshwater,Freshwater,NA
L.macrochirus,Resident,Lepomis,MR,2020-01-15,80,1,-33.24243542,11.77053654,5.16,43.87,13.89,0.83,Centrarchiformes,Centrarchidae,macrochirus,Fish,Freshwater,Freshwater,NA
L.macrochirus,Resident,Lepomis,MR,2020-01-15,240,1,-26.98020579,7.963338844,-2.08,49.09,16.16,0.94,Centrarchiformes,Centrarchidae,macrochirus,Fish,Freshwater,Freshwater,NA
F.notatus,Resident,Fundulus,PD,2020-01-15,80,1,-25.75287434,8.159921438,9.91,41.24,11.46,0.86,Cyprinodontiformes,Fundulidae,notatus,Fish,Freshwater,Freshwater,NA
H.cyanoguttatus,Resident,Herichthys,PD,2020-01-15,80,1,-26.05960499,9.695848042,10.37,42.44,13.2,0.81,Cichliformes,Cichlidae,cyanoguttatus,Fish,Freshwater,Freshwater,NA
H.cyanoguttatus,Resident,Herichthys,PD,2020-01-15,120,1,-27.9680186,9.443755399,10.3,43.92,13.43,0.91,Cichliformes,Cichlidae,cyanoguttatus,Fish,Freshwater,Freshwater,NA
H.cyanoguttatus,Resident,Herichthys,PD,2020-01-15,160,1,-27.56474657,9.028957545,9.26,45.14,14.14,0.99,Cichliformes,Cichlidae,cyanoguttatus,Fish,Freshwater,Freshwater,NA
I.punctatus,Resident,Ictalurus,PD,2020-01-15,120,1,-29.03038127,13.24973524,8.9,50.95,12,0.94,Siluriformes,Ictaluridae,punctatus,Fish,Freshwater,Freshwater,NA
I.punctatus,Resident,Ictalurus,PD,2020-01-15,120,2,-25.02056105,15.62783604,8.97,47,14.09,0.91,Siluriformes,Ictaluridae,punctatus,Fish,Freshwater,Freshwater,NA
L.auritus,Resident,Lepomis,PD,2020-01-15,120,1,-25.4483497,11.59234952,8.11,37.88,11.88,0.85,Centrarchiformes,Centrarchidae,auritus,Fish,Freshwater,Freshwater,NA
L.auritus,Resident,Lepomis,PD,2020-01-15,160,1,-25.82538134,11.62521046,6.53,44.17,14.08,0.82,Centrarchiformes,Centrarchidae,auritus,Fish,Freshwater,Freshwater,NA
L.auritus,Resident,Lepomis,PD,2020-01-15,160,1,-24.16563415,11.44569217,6.53,37.07,11.46,0.82,Centrarchiformes,Centrarchidae,auritus,Fish,Freshwater,Freshwater,NA
L.auritus,Resident,Lepomis,PD,2020-01-15,160,2,-26.56818073,10.66891389,8.2,44.57,13.93,0.94,Centrarchiformes,Centrarchidae,auritus,Fish,Freshwater,Freshwater,NA
L.cyanellus,Resident,Lepomis,PD,2020-01-15,120,1,-25.96795226,10.47221303,8.02,46.02,14.71,0.91,Centrarchiformes,Centrarchidae,cyanellus,Fish,Freshwater,Freshwater,NA
L.cyanellus,Resident,Lepomis,PD,2020-01-15,160,1,-23.70514808,11.6392714,6.68,41.99,13.66,0.87,Centrarchiformes,Centrarchidae,cyanellus,Fish,Freshwater,Freshwater,NA
L.macrochirus,Resident,Lepomis,PD,2020-01-15,120,1,-25.43331131,11.0497161,7.43,38.66,12.43,0.9,Centrarchiformes,Centrarchidae,macrochirus,Fish,Freshwater,Freshwater,NA
D.maculatus,Transient,Dormitator,PL,2020-01-15,120,1,-26.5647134,11.92852511,10.19,40.43,12.77,0.82,Gobiiformes,Eleotridae,maculatus,Fish,Catadromous,Diadromous,NA
L.megalotis,Resident,Lepomis,PL,2020-01-15,40,1,-24.15119139,16.600776,10.32,48.64,14.81,0.87,Centrarchiformes,Centrarchidae,megalotis,Fish,Freshwater,Freshwater,NA
L.megalotis,Resident,Lepomis,PL,2020-01-15,40,2,-24.09079951,17.50437308,9.44,44.99,13.26,0.78,Centrarchiformes,Centrarchidae,megalotis,Fish,Freshwater,Freshwater,NA
L.megalotis,Resident,Lepomis,PL,2020-01-15,40,3,-24.33347849,17.11801788,7.89,43.2,12.53,0.88,Centrarchiformes,Centrarchidae,megalotis,Fish,Freshwater,Freshwater,NA
L.megalotis,Resident,Lepomis,PL,2020-01-15,80,1,-22.5594889,17.60713787,9.4,33.93,10.03,0.79,Centrarchiformes,Centrarchidae,megalotis,Fish,Freshwater,Freshwater,NA
L.megalotis,Resident,Lepomis,PL,2020-01-15,120,1,-22.99229348,15.17359017,8.81,40.55,13.01,0.82,Centrarchiformes,Centrarchidae,megalotis,Fish,Freshwater,Freshwater,NA
L.megalotis,Resident,Lepomis,PL,2020-01-15,120,2,-24.07888757,13.6248776,8.95,34.31,10.12,0.89,Centrarchiformes,Centrarchidae,megalotis,Fish,Freshwater,Freshwater,NA
L.megalotis,Resident,Lepomis,PL,2020-01-15,120,3,-24.06361211,16.52846258,9.4,41.41,12.83,0.95,Centrarchiformes,Centrarchidae,megalotis,Fish,Freshwater,Freshwater,NA
L.megalotis,Resident,Lepomis,PL,2020-01-15,120,4,-23.65356596,17.82579292,9.44,47.14,14.16,0.79,Centrarchiformes,Centrarchidae,megalotis,Fish,Freshwater,Freshwater,NA
P.latipinna,Transient,Poecilia,PL,2020-01-15,80,1,-23.85077409,14.27268538,11.66,37.43,10.5,0.72,Cyprinodontiformes,Poeciliidae,latipinna,Fish,Euryhaline,Euryhaline,NA
P.latipinna,Transient,Poecilia,PL,2020-01-15,80,2,-22.73326846,14.99378878,10.92,41.38,10.99,0.77,Cyprinodontiformes,Poeciliidae,latipinna,Fish,Euryhaline,Euryhaline,NA
P.latipinna,Transient,Poecilia,PL,2020-01-15,80,3,-24.63904982,15.08263816,10.75,43.84,11.67,0.76,Cyprinodontiformes,Poeciliidae,latipinna,Fish,Euryhaline,Euryhaline,NA
G.affinis,Resident,Gambusia,SF,2020-01-15,40,1,-23.67411031,15.84781067,2.36,38.73,10.76,0.86,Cyprinodontiformes,Poeciliidae,affinis,Fish,Freshwater,Freshwater,NA
G.affinis,Resident,Gambusia,SF,2020-01-15,40,2,-23.34560153,16.16887965,2.87,42.62,12.25,0.75,Cyprinodontiformes,Poeciliidae,affinis,Fish,Freshwater,Freshwater,NA
G.affinis,Resident,Gambusia,SF,2020-01-15,40,3,-23.78361324,16.47384486,1.67,44.75,12.41,0.68,Cyprinodontiformes,Poeciliidae,affinis,Fish,Freshwater,Freshwater,NA
H.cyanoguttatus,Resident,Herichthys,SF,2020-01-15,80,1,-25.28927847,18.77668446,-0.54,40.91,12.69,0.92,Cichliformes,Cichlidae,cyanoguttatus,Fish,Freshwater,Freshwater,NA
H.cyanoguttatus,Resident,Herichthys,SF,2020-01-15,80,2,-23.72987569,16.69527174,3.12,36.74,11.12,0.88,Cichliformes,Cichlidae,cyanoguttatus,Fish,Freshwater,Freshwater,NA
H.cyanoguttatus,Resident,Herichthys,SF,2020-01-15,80,3,-25.45150503,16.19706125,-1.97,43.57,12.62,0.73,Cichliformes,Cichlidae,cyanoguttatus,Fish,Freshwater,Freshwater,NA
H.cyanoguttatus,Resident,Herichthys,SF,2020-01-15,80,4,-24.90500431,15.60726055,0.86,45.59,13.3,0.87,Cichliformes,Cichlidae,cyanoguttatus,Fish,Freshwater,Freshwater,NA
L.cyanellus,Resident,Lepomis,SF,2020-01-15,80,1,-22.94409081,16.26348932,-0.34,44.58,13.47,0.81,Centrarchiformes,Centrarchidae,cyanellus,Fish,Freshwater,Freshwater,NA
L.cyanellus,Resident,Lepomis,SF,2020-01-15,80,2,-23.91846406,16.33092387,-0.11,40.99,12.64,0.79,Centrarchiformes,Centrarchidae,cyanellus,Fish,Freshwater,Freshwater,NA
L.cyanellus,Resident,Lepomis,SF,2020-01-15,80,3,-24.05635664,18.02584602,1.44,46.09,14.34,0.8,Centrarchiformes,Centrarchidae,cyanellus,Fish,Freshwater,Freshwater,NA
L.cyanellus,Resident,Lepomis,SF,2020-01-15,120,1,-20.41538435,16.50001349,4.63,46.04,14.38,0.71,Centrarchiformes,Centrarchidae,cyanellus,Fish,Freshwater,Freshwater,NA
L.cyanellus,Resident,Lepomis,SF,2020-01-15,120,2,-20.13757137,18.27444802,4.27,46.89,14.43,0.84,Centrarchiformes,Centrarchidae,cyanellus,Fish,Freshwater,Freshwater,NA
L.cyanellus,Resident,Lepomis,SF,2020-01-15,120,3,-20.32109016,16.39533896,6.17,42.69,13.13,0.87,Centrarchiformes,Centrarchidae,cyanellus,Fish,Freshwater,Freshwater,NA
L.cyanellus,Resident,Lepomis,SF,2020-01-15,120,4,-20.34745198,17.16127469,4.83,44.52,13.54,0.83,Centrarchiformes,Centrarchidae,cyanellus,Fish,Freshwater,Freshwater,NA
L.cyanellus,Resident,Lepomis,SF,2020-01-15,120,5,-20.31602058,16.32287198,4.18,43.96,13.6,0.77,Centrarchiformes,Centrarchidae,cyanellus,Fish,Freshwater,Freshwater,NA
P.latipinna,Transient,Poecilia,SF,2020-01-15,80,1,-24.04418965,14.43671752,0.68,10.34,2.45,0.29,Cyprinodontiformes,Poeciliidae,latipinna,Fish,Euryhaline,Euryhaline,NA
P.latipinna,Transient,Poecilia,SF,2020-01-15,80,2,-23.58387179,15.87901173,-0.46,42.43,12.73,0.76,Cyprinodontiformes,Poeciliidae,latipinna,Fish,Euryhaline,Euryhaline,NA
P.latipinna,Transient,Poecilia,SF,2020-01-15,80,3,-23.63862325,17.54172633,0.31,44.01,13.36,0.81,Cyprinodontiformes,Poeciliidae,latipinna,Fish,Euryhaline,Euryhaline,NA
C.variegatus,Transient,Cyprinodon,TR,2020-01-15,80,1,-14.3778644,18.50169747,9.08,41.98,13.36,0.91,Cyprinodontiformes,Cyprinodontidae,variegatus,Fish,Euryhaline,Euryhaline,NA
C.variegatus,Transient,Cyprinodon,TR,2020-01-15,80,2,-14.48856415,18.93360078,8.71,42.75,13.41,0.93,Cyprinodontiformes,Cyprinodontidae,variegatus,Fish,Euryhaline,Euryhaline,NA
C.variegatus,Transient,Cyprinodon,TR,2020-01-15,80,3,-12.24410138,18.59756386,8.79,45.4,14.4,0.86,Cyprinodontiformes,Cyprinodontidae,variegatus,Fish,Euryhaline,Euryhaline,NA
C.variegatus,Transient,Cyprinodon,TR,2020-01-15,80,4,-15.71220331,19.32288084,8.72,41.72,13.23,0.97,Cyprinodontiformes,Cyprinodontidae,variegatus,Fish,Euryhaline,Euryhaline,NA
C.variegatus,Transient,Cyprinodon,TR,2020-01-15,80,5,-13.83772262,17.97120109,8.76,44.93,13.51,0.92,Cyprinodontiformes,Cyprinodontidae,variegatus,Fish,Euryhaline,Euryhaline,NA
F.grandis,Transient,Fundulus,TR,2020-01-15,80,1,-18.75304341,17.18883251,5.33,42.06,13.31,0.93,Cyprinodontiformes,Fundulidae,grandis,Fish,Euryhaline,Euryhaline,NA
F.grandis,Transient,Fundulus,TR,2020-01-15,80,2,-17.39011625,17.79531355,8.71,47.43,14.89,1.05,Cyprinodontiformes,Fundulidae,grandis,Fish,Euryhaline,Euryhaline,NA
F.grandis,Transient,Fundulus,TR,2020-01-15,80,3,-16.89450637,17.83668747,7.49,41.7,12.9,1.2,Cyprinodontiformes,Fundulidae,grandis,Fish,Euryhaline,Euryhaline,NA
F.grandis,Transient,Fundulus,TR,2020-01-15,80,4,-16.53600168,19.03350364,6.76,47.12,14.83,1.3,Cyprinodontiformes,Fundulidae,grandis,Fish,Euryhaline,Euryhaline,NA
F.grandis,Transient,Fundulus,TR,2020-01-15,120,1,-16.40151533,18.46701814,7.05,48.13,14.98,1.17,Cyprinodontiformes,Fundulidae,grandis,Fish,Euryhaline,Euryhaline,NA
F.grandis,Transient,Fundulus,TR,2020-01-15,120,2,-17.25984625,16.73316704,6.88,44.84,13.99,1.29,Cyprinodontiformes,Fundulidae,grandis,Fish,Euryhaline,Euryhaline,NA
G.affinis,Resident,Gambusia,TR,2020-01-15,40,1,-17.79948491,17.33860692,5.53,39.92,12.37,0.89,Cyprinodontiformes,Poeciliidae,affinis,Fish,Freshwater,Freshwater,NA
G.affinis,Resident,Gambusia,TR,2020-01-15,80,1,-20.1881496,16.54811564,4.54,44.64,13.32,0.84,Cyprinodontiformes,Poeciliidae,affinis,Fish,Freshwater,Freshwater,NA
G.affinis,Resident,Gambusia,TR,2020-01-15,80,2,-17.03177255,17.73385256,8.01,37.92,11.73,0.83,Cyprinodontiformes,Poeciliidae,affinis,Fish,Freshwater,Freshwater,NA
G.affinis,Resident,Gambusia,TR,2020-01-15,80,3,-16.37096975,17.85353254,7.54,40.05,12.47,0.81,Cyprinodontiformes,Poeciliidae,affinis,Fish,Freshwater,Freshwater,NA
H.cyanoguttatus,Resident,Herichthys,TR,2020-01-15,80,1,-19.23240379,16.9345343,2.57,40.5,12.3,0.9,Cichliformes,Cichlidae,cyanoguttatus,Fish,Freshwater,Freshwater,NA
L.macrochirus,Resident,Lepomis,TR,2020-01-15,120,1,-18.82210381,18.96891997,6.66,46.31,14.03,1.16,Centrarchiformes,Centrarchidae,macrochirus,Fish,Freshwater,Freshwater,NA
L.macrochirus,Resident,Lepomis,TR,2020-01-15,120,2,-18.2289969,19.12028795,5.7,49.97,15.54,0.85,Centrarchiformes,Centrarchidae,macrochirus,Fish,Freshwater,Freshwater,NA
L.macrochirus,Resident,Lepomis,TR,2020-01-15,120,3,-18.70327931,17.73577548,6.92,43.51,13.53,0.97,Centrarchiformes,Centrarchidae,macrochirus,Fish,Freshwater,Freshwater,NA
L.macrochirus,Resident,Lepomis,TR,2020-01-15,120,4,-17.67730257,19.4345151,6.83,48.01,14.72,0.93,Centrarchiformes,Centrarchidae,macrochirus,Fish,Freshwater,Freshwater,NA
O.aureus,Transient,Oreochromis,TR,2020-01-15,120,1,-17.09153161,16.99609061,6.45,46.75,14.84,1.04,Cichliformes,Cichlidae,aureus,Fish,Euryhaline,Euryhaline,NA
P.latipinna,Transient,Poecilia,TR,2020-01-15,40,1,-14.57082727,19.39577768,5.7,40.06,12.57,0.91,Cyprinodontiformes,Poeciliidae,latipinna,Fish,Euryhaline,Euryhaline,NA
P.latipinna,Transient,Poecilia,TR,2020-01-15,40,1,-14.57082727,19.39577768,8.88,40.06,12.57,0.93,Cyprinodontiformes,Poeciliidae,latipinna,Fish,Euryhaline,Euryhaline,NA
P.latipinna,Transient,Poecilia,TR,2020-01-15,40,2,-18.02790929,17.21506963,6.02,42.79,13.43,0.94,Cyprinodontiformes,Poeciliidae,latipinna,Fish,Euryhaline,Euryhaline,NA
G.affinis,Resident,Gambusia,UN,2020-01-15,80,1,-25.73169188,13.82173082,5.83,39.87,11.4,0.9,Cyprinodontiformes,Poeciliidae,affinis,Fish,Freshwater,Freshwater,NA
G.affinis,Resident,Gambusia,UN,2020-01-15,80,2,-26.42621593,14.388186,5.77,39.62,11.78,0.88,Cyprinodontiformes,Poeciliidae,affinis,Fish,Freshwater,Freshwater,NA
G.affinis,Resident,Gambusia,UN,2020-01-15,80,3,-25.1471511,13.62387324,5.79,41.59,11.4,0.89,Cyprinodontiformes,Poeciliidae,affinis,Fish,Freshwater,Freshwater,NA
L.megalotis,Resident,Lepomis,UN,2020-01-15,160,1,-22.43932198,12.77117741,5.77,48.95,15.63,1.03,Centrarchiformes,Centrarchidae,megalotis,Fish,Freshwater,Freshwater,NA
E.gracile,Resident,Etheostoma,WM,2020-01-15,80,1,-29.29684286,14.52562459,7.09,44.17,11.67,0.84,Perciformes,Pecidae,gracile,Fish,Freshwater,Freshwater,NA
E.gracile,Resident,Etheostoma,WM,2020-01-15,80,2,-29.9108091,14.47936174,6.98,44.81,11.2,0.8,Perciformes,Pecidae,gracile,Fish,Freshwater,Freshwater,NA
E.gracile,Resident,Etheostoma,WM,2020-01-15,80,3,-29.50760739,14.54372744,7.22,44.79,11.74,0.87,Perciformes,Pecidae,gracile,Fish,Freshwater,Freshwater,NA
G.affinis,Resident,Gambusia,WM,2020-01-15,40,1,-28.08504277,13.93785581,6.48,38.14,8.3,0.7,Cyprinodontiformes,Poeciliidae,affinis,Fish,Freshwater,Freshwater,NA
G.affinis,Resident,Gambusia,WM,2020-01-15,40,2,-30.25628123,9.895382705,5.84,38.76,9.12,0.72,Cyprinodontiformes,Poeciliidae,affinis,Fish,Freshwater,Freshwater,NA
G.affinis,Resident,Gambusia,WM,2020-01-15,40,3,-27.66357909,14.16745043,6.35,45.36,10.68,0.74,Cyprinodontiformes,Poeciliidae,affinis,Fish,Freshwater,Freshwater,NA
L.cyanellus,Resident,Lepomis,WM,2020-01-15,80,1,-29.82019054,14.86756738,6.79,47.1,12.89,0.88,Centrarchiformes,Centrarchidae,cyanellus,Fish,Freshwater,Freshwater,NA
L.cyanellus,Resident,Lepomis,WM,2020-01-15,80,2,-27.34701639,14.78509883,6.79,44.1,12.59,0.83,Centrarchiformes,Centrarchidae,cyanellus,Fish,Freshwater,Freshwater,NA
L.cyanellus,Resident,Lepomis,WM,2020-01-15,80,3,-28.46193022,14.46729317,7.35,40.25,11.66,0.92,Centrarchiformes,Centrarchidae,cyanellus,Fish,Freshwater,Freshwater,NA
L.cyanellus,Resident,Lepomis,WM,2020-01-15,80,4,-27.96287938,15.17685762,5.95,43.19,12.75,0.92,Centrarchiformes,Centrarchidae,cyanellus,Fish,Freshwater,Freshwater,NA
L.cyanellus,Resident,Lepomis,WM,2020-01-15,80,5,-29.12797664,14.92355348,6.45,47.75,13.72,0.9,Centrarchiformes,Centrarchidae,cyanellus,Fish,Freshwater,Freshwater,NA
L.cyanellus,Resident,Lepomis,WM,2020-01-15,80,6,-29.15752916,15.58522415,6.79,44.43,12.77,0.95,Centrarchiformes,Centrarchidae,cyanellus,Fish,Freshwater,Freshwater,NA
L.gulosus,Resident,Lepomis,WM,2020-01-15,80,1,-26.85014155,15.32013873,6.64,46.13,14.25,0.87,Centrarchiformes,Centrarchidae,gulosus,Fish,Freshwater,Freshwater,NA
L.gulosus,Resident,Lepomis,WM,2020-01-15,120,1,-27.61683572,14.72073313,6.59,47.49,13.62,0.87,Centrarchiformes,Centrarchidae,gulosus,Fish,Freshwater,Freshwater,NA
L.humilis,Resident,Lepomis,WM,2020-01-15,80,1,-28.57166025,14.64484541,4.75,45.93,13.69,0.95,Centrarchiformes,Centrarchidae,humilis,Fish,Freshwater,Freshwater,NA
L.macrochirus,Resident,Lepomis,WM,2020-01-15,40,1,-28.35705705,14.71771598,6.53,38.46,10.78,0.61,Centrarchiformes,Centrarchidae,macrochirus,Fish,Freshwater,Freshwater,NA
L.macrochirus,Resident,Lepomis,WM,2020-01-15,40,2,-28.17174717,15.32215016,6.71,43.65,12.1,0.8,Centrarchiformes,Centrarchidae,macrochirus,Fish,Freshwater,Freshwater,NA
L.macrochirus,Resident,Lepomis,WM,2020-01-15,40,3,-28.41407547,14.71369313,7.09,40.67,11.13,0.8,Centrarchiformes,Centrarchidae,macrochirus,Fish,Freshwater,Freshwater,NA
L.macrochirus,Resident,Lepomis,WM,2020-01-15,80,1,-27.42236217,15.16727018,6.47,45.44,12.63,0.84,Centrarchiformes,Centrarchidae,macrochirus,Fish,Freshwater,Freshwater,NA
L.macrochirus,Resident,Lepomis,WM,2020-01-15,120,1,-29.09594478,14.90882865,6.26,53.01,16,0.91,Centrarchiformes,Centrarchidae,macrochirus,Fish,Freshwater,Freshwater,NA
L.macrochirus,Resident,Lepomis,WM,2020-01-15,120,2,-28.7631558,15.06034604,7.02,46.1,13.71,0.86,Centrarchiformes,Centrarchidae,macrochirus,Fish,Freshwater,Freshwater,NA
L.macrochirus,Resident,Lepomis,WM,2020-01-15,120,3,-28.33107748,15.22449711,7.05,42.92,13.1,0.95,Centrarchiformes,Centrarchidae,macrochirus,Fish,Freshwater,Freshwater,NA
L.macrochirus,Resident,Lepomis,WM,2020-01-15,160,1,-26.82370581,14.85926858,6.55,47.4,14.55,0.94,Centrarchiformes,Centrarchidae,macrochirus,Fish,Freshwater,Freshwater,NA
L.megalotis,Resident,Lepomis,WM,2020-01-15,80,1,-27.9995284,15.06762317,6.85,47.92,14.48,0.92,Centrarchiformes,Centrarchidae,megalotis,Fish,Freshwater,Freshwater,NA
L.megalotis,Resident,Lepomis,WM,2020-01-15,80,2,-27.69208388,15.26586346,7.14,44,13.09,0.87,Centrarchiformes,Centrarchidae,megalotis,Fish,Freshwater,Freshwater,NA
L.megalotis,Resident,Lepomis,WM,2020-01-15,80,3,-26.17420381,15.42769227,6.91,43.5,13.28,0.92,Centrarchiformes,Centrarchidae,megalotis,Fish,Freshwater,Freshwater,NA
L.megalotis,Resident,Lepomis,WM,2020-01-15,80,4,-26.77382243,14.67114259,6.49,46.79,14.25,0.92,Centrarchiformes,Centrarchidae,megalotis,Fish,Freshwater,Freshwater,NA
L.megalotis,Resident,Lepomis,WM,2020-01-15,80,5,-26.51117115,14.9270344,6,43.27,13.1,0.98,Centrarchiformes,Centrarchidae,megalotis,Fish,Freshwater,Freshwater,NA
L.megalotis,Resident,Lepomis,WM,2020-01-15,120,1,-26.27295255,14.72373696,5.6,39.31,11.83,0.9,Centrarchiformes,Centrarchidae,megalotis,Fish,Freshwater,Freshwater,NA
P.clarkii,Resident,Procambarus,AR,2020-01-15,NA,1,-26.02667376,14.26337837,5.33,45.57,13.09,1.12,Decapoda,Cambaridae,clarkii,Invertebrate,Freshwater,Freshwater,NA
P.clarkii,Resident,Procambarus,EM,2020-01-15,NA,1,-25.87792678,12.99359629,8.3,46.08,13.96,0.97,Decapoda,Cambaridae,clarkii,Invertebrate,Freshwater,Freshwater,NA
P.clarkii,Resident,Procambarus,EM,2020-01-15,NA,2,-27.3327945,13.24956823,8.4,43.68,13.13,0.95,Decapoda,Cambaridae,clarkii,Invertebrate,Freshwater,Freshwater,NA
P.clarkii,Resident,Procambarus,EM,2020-01-15,NA,3,-25.99203405,13.20421887,8.34,48.9,14.75,0.97,Decapoda,Cambaridae,clarkii,Invertebrate,Freshwater,Freshwater,NA
P.pugio,Transient,Palaemonetes,EM,2020-01-15,NA,1,-29.35599981,15.89843967,8.1,45.71,13.63,0.95,Decapoda,Palaemonidae,pugio,Invertebrate,Amphidromous,Diadromous,NA
P.pugio,Transient,Palaemonetes,EM,2020-01-15,NA,1,-29.3793972,16.26457815,8.1,46.06,13.86,0.95,Decapoda,Palaemonidae,pugio,Invertebrate,Amphidromous,Diadromous,NA
P.clarkii,Resident,Procambarus,GC,2020-01-15,NA,1,-32.08149088,9.332391287,2.66,38.61,7.95,0.65,Decapoda,Cambaridae,clarkii,Invertebrate,Freshwater,Freshwater,NA
P.clarkii,Resident,Procambarus,GC,2020-01-15,NA,2,-31.52725556,6.216386371,1.14,41.13,9.75,0.7,Decapoda,Cambaridae,clarkii,Invertebrate,Freshwater,Freshwater,NA
P.pugio,Transient,Palaemonetes,GC,2020-01-15,NA,1,-30.91902304,10.83496675,2.52,40.26,12.06,0.94,Decapoda,Palaemonidae,pugio,Invertebrate,Amphidromous,Diadromous,NA
P.pugio,Transient,Palaemonetes,GC,2020-01-15,NA,2,-30.91189134,8.304472459,2.76,42.8,12.65,0.87,Decapoda,Palaemonidae,pugio,Invertebrate,Amphidromous,Diadromous,NA
P.pugio,Transient,Palaemonetes,GC,2020-01-15,NA,3,-31.0117352,10.50240478,0.69,43.69,12.35,0.97,Decapoda,Palaemonidae,pugio,Invertebrate,Amphidromous,Diadromous,NA
P.pugio,Transient,Palaemonetes,LN,2020-01-15,NA,1,-22.28558535,11.73993842,10.52,42.51,12,0.96,Decapoda,Palaemonidae,pugio,Invertebrate,Amphidromous,Diadromous,NA
P.pugio,Transient,Palaemonetes,MR,2020-01-15,NA,1,-35.56074385,9.141923975,9.63,23.3,3.25,0.51,Decapoda,Palaemonidae,pugio,Invertebrate,Amphidromous,Diadromous,NA
P.clarkii,Resident,Procambarus,PD,2020-01-15,NA,2,-26.04603125,5.412191053,9.14,37.37,10.51,0.7,Decapoda,Cambaridae,clarkii,Invertebrate,Freshwater,Freshwater,NA
P.clarkii,Resident,Procambarus,PD,2020-01-15,NA,3,-26.96172351,5.736183403,7.77,35.72,9.26,1.03,Decapoda,Cambaridae,clarkii,Invertebrate,Freshwater,Freshwater,NA
P.clarkii,Resident,Procambarus,PD,2020-01-15,NA,1,-26.11836711,5.664131942,8.24,38.46,11.04,0.6,Decapoda,Cambaridae,clarkii,Invertebrate,Freshwater,Freshwater,NA
P.pugio,Transient,Palaemonetes,PD,2020-01-15,NA,1,-29.60125141,7.19979923,9.9,46.34,14.36,1.06,Decapoda,Palaemonidae,pugio,Invertebrate,Amphidromous,Diadromous,NA
P.pugio,Transient,Palaemonetes,PD,2020-01-15,NA,1,-29.73551641,7.098999242,9.9,46.39,14.27,1.06,Decapoda,Palaemonidae,pugio,Invertebrate,Amphidromous,Diadromous,NA
P.clarkii,Resident,Procambarus,PL,2020-01-15,40,1,-26.65120731,11.68148814,9.52,33.37,8.46,0.53,Decapoda,Cambaridae,clarkii,Invertebrate,Freshwater,Freshwater,NA
P.clarkii,Resident,Procambarus,PL,2020-01-15,40,2,-25.5926586,11.76916357,9.55,34.11,7.61,0.56,Decapoda,Cambaridae,clarkii,Invertebrate,Freshwater,Freshwater,NA
P.clarkii,Resident,Procambarus,PL,2020-01-15,40,3,-26.61452997,12.94119258,9.26,34.49,8.17,0.55,Decapoda,Cambaridae,clarkii,Invertebrate,Freshwater,Freshwater,NA
M.ohione,Transient,Macrobrachium,PL,2020-01-15,40,4,-23.06193188,15.03897231,10.4,40.67,11.73,0.82,Decapoda,Palaemonidae,ohione,Invertebrate,Amphidromous,Diadromous,NA
M.ohione,Transient,Macrobrachium,PL,2020-01-15,40,5,-23.34067076,15.0773817,10.48,38.79,11.15,0.94,Decapoda,Palaemonidae,ohione,Invertebrate,Amphidromous,Diadromous,NA
P.clarkii,Resident,Procambarus,SF,2020-01-15,40,1,-25.24320508,12.1803311,0.25,35.05,8.85,0.92,Decapoda,Cambaridae,clarkii,Invertebrate,Freshwater,Freshwater,NA
P.clarkii,Resident,Procambarus,SF,2020-01-15,40,2,-24.94876757,12.19343202,0.86,36.01,9.02,0.7,Decapoda,Cambaridae,clarkii,Invertebrate,Freshwater,Freshwater,NA
P.clarkii,Resident,Procambarus,SF,2020-01-15,40,3,-24.61969035,12.94220035,0.38,35.54,8.64,0.62,Decapoda,Cambaridae,clarkii,Invertebrate,Freshwater,Freshwater,NA
P.clarkii,Resident,Procambarus,SF,2020-01-15,40,4,-24.73175999,12.60157626,0.83,41.24,11.94,0.61,Decapoda,Cambaridae,clarkii,Invertebrate,Freshwater,Freshwater,NA
P.clarkii,Resident,Procambarus,SF,2020-01-15,40,5,-24.4801127,13.33422037,0.73,39.92,11.24,0.57,Decapoda,Cambaridae,clarkii,Invertebrate,Freshwater,Freshwater,NA
P.clarkii,Resident,Procambarus,UN,2020-01-15,NA,1,-28.4382087,10.73721368,5.58,40.27,9.99,0.65,Decapoda,Cambaridae,clarkii,Invertebrate,Freshwater,Freshwater,NA
P.clarkii,Resident,Procambarus,UN,2020-01-15,NA,2,-28.37911743,10.95085956,5.36,46.14,13.56,0.89,Decapoda,Cambaridae,clarkii,Invertebrate,Freshwater,Freshwater,NA
P.clarkii,Resident,Procambarus,UN,2020-01-15,NA,3,-28.23342689,11.36505038,7.81,40.62,9.81,0.71,Decapoda,Cambaridae,clarkii,Invertebrate,Freshwater,Freshwater,NA
P.clarkii,Resident,Procambarus,UN,2020-01-15,NA,4,-26.1184986,10.0060709,5.8,30.9,7.46,0.9,Decapoda,Cambaridae,clarkii,Invertebrate,Freshwater,Freshwater,NA
P.pugio,Transient,Palaemonetes,UN,2020-01-15,NA,1,-27.53451985,14.09508185,6.56,42.14,12.15,0.98,Decapoda,Palaemonidae,pugio,Invertebrate,Amphidromous,Diadromous,NA
P.pugio,Transient,Palaemonetes,UN,2020-01-15,NA,2,-27.58036653,13.95802601,6.63,40.65,11.76,0.95,Decapoda,Palaemonidae,pugio,Invertebrate,Amphidromous,Diadromous,NA
P.pugio,Transient,Palaemonetes,UN,2020-01-15,NA,3,-27.82997618,13.31305733,6.5,40.56,11.28,0.95,Decapoda,Palaemonidae,pugio,Invertebrate,Amphidromous,Diadromous,NA
P.clarkii,Resident,Procambarus,WM,2020-01-15,NA,1,-29.53707526,10.29036818,6.34,43.56,12.55,0.89,Decapoda,Cambaridae,clarkii,Invertebrate,Freshwater,Freshwater,NA
P.clarkii,Resident,Procambarus,WM,2020-01-15,NA,2,-29.70797793,9.932298867,6.35,38.55,9.11,0.75,Decapoda,Cambaridae,clarkii,Invertebrate,Freshwater,Freshwater,NA
P.clarkii,Resident,Procambarus,WM,2020-01-15,NA,3,-29.52690248,9.797140309,6.46,40.48,9.82,0.82,Decapoda,Cambaridae,clarkii,Invertebrate,Freshwater,Freshwater,NA
P.pugio,Transient,Palaemonetes,WM,2020-01-15,NA,1,-28.08977399,13.82399346,6.1,43.89,13.22,0.99,Decapoda,Palaemonidae,pugio,Invertebrate,Amphidromous,Diadromous,NA
P.pugio,Transient,Palaemonetes,WM,2020-01-15,NA,2,-27.18914159,13.82399346,6.16,45.56,13.82,0.96,Decapoda,Palaemonidae,pugio,Invertebrate,Amphidromous,Diadromous,NA
P.pugio,Transient,Palaemonetes,WM,2020-01-15,NA,3,-27.57323482,14.04469368,6.25,45.2,13.62,0.98,Decapoda,Palaemonidae,pugio,Invertebrate,Amphidromous,Diadromous,NA
Macrophyte,NA,NA,AR,2020-01-15,NA,1,-29.03167349,13.30232569,4.34,39.08,4.57,0.34,NA,NA,Macrophyte,Aquatic_Producer,NA,NA,NA
Macrophyte,NA,NA,AR,2020-01-15,NA,2,-31.61253847,15.80873554,2.96,40.81,5.73,0.31,NA,NA,Macrophyte,Aquatic_Producer,NA,NA,NA
Macrophyte,NA,NA,AR,2020-01-15,NA,3,-30.26206219,7.98526452,4.14,32.16,2.95,0.38,NA,NA,Macrophyte,Aquatic_Producer,NA,NA,NA
Filamentous_algae,NA,NA,AR,2020-01-15,NA,1,-28.64105367,10.80571763,2.39,16.53,1.31,0.25,NA,NA,Filamentous Algae,Aquatic_Producer,NA,NA,NA
Filamentous_algae,NA,NA,AR,2020-01-15,NA,2,-29.70649323,11.59253881,2.36,19.57,1.61,0.29,NA,NA,Filamentous Algae,Aquatic_Producer,NA,NA,NA
Filamentous_algae,NA,NA,AR,2020-01-15,NA,3,-28.52092935,10.94674699,2.23,14.72,1.31,0.26,NA,NA,Filamentous Algae,Aquatic_Producer,NA,NA,NA
Periphyton,NA,NA,AR,2020-01-15,NA,1,-22.97621251,9.612642874,4.25,12.22,1.15,0.22,NA,NA,Periphyton,Aquatic_Producer,NA,NA,NA
Macrophyte,NA,NA,BB,2020-01-15,NA,3,-21.79792417,8.691688155,18.86,34.43,2.01,1.74,NA,NA,Macrophyte,Aquatic_Producer,NA,NA,NA
Macrophyte,NA,NA,BB,2020-01-15,NA,1,-12.12476895,5.630198444,17.42,33.04,1.05,0.24,NA,NA,Macrophyte,Aquatic_Producer,NA,NA,NA
Macrophyte,NA,NA,BB,2020-01-15,NA,2,-14.33621201,8.156956231,13.2,45.48,1.04,0.36,NA,NA,Macrophyte,Aquatic_Producer,NA,NA,NA
Filamentous_algae,NA,NA,BB,2020-01-15,NA,2,-15.35775736,6.251369523,16.58,4.41,0.4,0.37,NA,NA,Filamentous Algae,Aquatic_Producer,NA,NA,NA
Filamentous_algae,NA,NA,BB,2020-01-15,NA,3,-19.73993886,6.729815865,17.72,29.18,1.95,2.84,NA,NA,Filamentous Algae,Aquatic_Producer,NA,NA,NA
Macrophyte,NA,NA,CB,2020-01-15,NA,1,-13.97289624,9.67247898,11.9,37.75,1.18,0.23,NA,NA,Macrophyte,Aquatic_Producer,NA,NA,NA
Macrophyte,NA,NA,CB,2020-01-15,NA,2,-13.96271933,12.5716251,17.65,42.41,1.49,0.45,NA,NA,Macrophyte,Aquatic_Producer,NA,NA,NA
Macrophyte,NA,NA,CB,2020-01-15,NA,4,-25.73435388,9.783850511,17,40.12,2.2,0.6,NA,NA,Macrophyte,Aquatic_Producer,NA,NA,NA
Macrophyte,NA,NA,CB,2020-01-15,NA,3,-24.46834598,9.000522968,14.24,41.43,2.88,0.38,NA,NA,Macrophyte,Aquatic_Producer,NA,NA,NA
Filamentous_algae,NA,NA,CB,2020-01-15,NA,1,-23.18526832,6.730267941,19.88,26.73,1.79,2.26,NA,NA,Filamentous Algae,Aquatic_Producer,NA,NA,NA
Macrophyte,NA,NA,EM,2020-01-15,NA,1,-27.80421417,9.836733114,8.2,36.75,4.9,0.3,NA,NA,Macrophyte,Aquatic_Producer,NA,NA,NA
Macrophyte,NA,NA,EM,2020-01-15,NA,1,-27.90041737,9.859933016,8.2,27.95,3.25,0.3,NA,NA,Macrophyte,Aquatic_Producer,NA,NA,NA
Periphyton,NA,NA,EM,2020-01-15,NA,1,-20.83410187,12.05195158,8.9,5.13,0.53,0.17,NA,NA,Periphyton,Aquatic_Producer,NA,NA,NA
Periphyton,NA,NA,EM,2020-01-15,NA,2,-21.49446709,5.717257517,9.36,1.31,0.23,0.22,NA,NA,Periphyton,Aquatic_Producer,NA,NA,NA
Macrophyte,NA,NA,GC,2020-01-15,NA,2,-29.03600109,14.54739335,5.27,39.27,3.91,0.26,NA,NA,Macrophyte,Aquatic_Producer,NA,NA,NA
Macrophyte,NA,NA,GC,2020-01-15,NA,3,-30.16981657,18.14285949,4.89,37.68,4.05,0.28,NA,NA,Macrophyte,Aquatic_Producer,NA,NA,NA
Macrophyte,NA,NA,GC,2020-01-15,NA,1,-29.25847794,10.43565564,2.93,39.84,2.52,0.24,NA,NA,Macrophyte,Aquatic_Producer,NA,NA,NA
Macrophyte,NA,NA,GC,2020-01-15,NA,4,-33.083446790000004,16.31697036,5.43,42.1,4.84,0.36,NA,NA,Macrophyte,Aquatic_Producer,NA,NA,NA
Filamentous_algae,NA,NA,GC,2020-01-15,NA,1,-30.99944614,10.81228604,4.42,13.82,1.1,0.32,NA,NA,Filamentous Algae,Aquatic_Producer,NA,NA,NA
Filamentous_algae,NA,NA,GC,2020-01-15,NA,2,-31.40402174,7.587024557,4.9,13.94,1.17,0.33,NA,NA,Filamentous Algae,Aquatic_Producer,NA,NA,NA
Periphyton,NA,NA,GC,2020-01-15,NA,1,-23.41136058,12.95735289,11.29,21.91,2.31,1.53,NA,NA,Periphyton,Aquatic_Producer,NA,NA,NA
Macrophyte,NA,NA,HB,2020-01-15,NA,1,-13.40604222,13.54481049,13.59,42.69,1.31,0.26,NA,NA,Macrophyte,Aquatic_Producer,NA,NA,NA
Filamentous_algae,NA,NA,HB,2020-01-15,NA,1,-19.74197993,14.98262465,17.41,13.87,1.02,0.55,NA,NA,Filamentous Algae,Aquatic_Producer,NA,NA,NA
Filamentous_algae,NA,NA,HB,2020-01-15,NA,2,-13.60141494,14.80400805,19.99,7.95,0.69,1.02,NA,NA,Filamentous Algae,Aquatic_Producer,NA,NA,NA
Macrophyte,NA,NA,LB,2020-01-15,NA,1,-13.04679721,9.095896953,9.87,44.44,2.38,0.3,NA,NA,Macrophyte,Aquatic_Producer,NA,NA,NA
Macrophyte,NA,NA,LB,2020-01-15,NA,2,-27.3921729,6.336044017,17.97,38.81,2.12,0.52,NA,NA,Macrophyte,Aquatic_Producer,NA,NA,NA
Filamentous_algae,NA,NA,LB,2020-01-15,NA,1,-17.50292399,7.723470613,17.16,12.01,1.56,1.21,NA,NA,Filamentous Algae,Aquatic_Producer,NA,NA,NA
Macrophyte,NA,NA,LN,2020-01-15,NA,1,-28.82711755,9.26000324,10.96,38.42,3.67,0.28,NA,NA,Macrophyte,Aquatic_Producer,NA,NA,NA
Macrophyte,NA,NA,LN,2020-01-15,NA,2,-27.8572578,5.227661536,13.15,27.61,1.98,0.51,NA,NA,Macrophyte,Aquatic_Producer,NA,NA,NA
Macrophyte,NA,NA,LN,2020-01-15,NA,3,-13.65842965,8.265059309,12.05,38.62,2.66,0.5,NA,NA,Macrophyte,Aquatic_Producer,NA,NA,NA
Macrophyte,NA,NA,LN,2020-01-15,NA,4,-30.73630631,7.253549776,11.79,38.18,5.11,0.45,NA,NA,Macrophyte,Aquatic_Producer,NA,NA,NA
Macrophyte,NA,NA,LN,2020-01-15,NA,5,-30.20507148,6.611684002,11.05,31.71,2.85,0.39,NA,NA,Macrophyte,Aquatic_Producer,NA,NA,NA
Macrophyte,NA,NA,LN,2020-01-15,NA,6,-28.67899612,9.393155596,10.5,38.45,3.5,0.51,NA,NA,Macrophyte,Aquatic_Producer,NA,NA,NA
Filamentous_algae,NA,NA,LN,2020-01-15,NA,1,-20.54003906,9.650935325,10.4,14.32,1.61,0.3,NA,NA,Filamentous Algae,Aquatic_Producer,NA,NA,NA
Filamentous_algae,NA,NA,LN,2020-01-15,NA,2,-21.17889459,9.415752914,14.02,25.71,2.78,1.15,NA,NA,Filamentous Algae,Aquatic_Producer,NA,NA,NA
Periphyton,NA,NA,LN,2020-01-15,NA,1,-20.93804825,5.444497226,13.77,18.22,2.08,0.14,NA,NA,Periphyton,Aquatic_Producer,NA,NA,NA
Periphyton,NA,NA,LN,2020-01-15,NA,2,-12.09751076,5.862991367,10.8,13.58,1.03,0.21,NA,NA,Periphyton,Aquatic_Producer,NA,NA,NA
Periphyton,NA,NA,LN,2020-01-15,NA,3,-14.64012068,9.166116255,17.18,11.4,0.83,0.91,NA,NA,Periphyton,Aquatic_Producer,NA,NA,NA
Periphyton,NA,NA,LN,2020-01-15,NA,4,-10.14087306,2.99641971,10.03,15.63,1.2,0.16,NA,NA,Periphyton,Aquatic_Producer,NA,NA,NA
Macrophyte,NA,NA,MR,2020-01-15,NA,1,-31.9341289,0.882957742,9.67,36.43,3.2,0.12,NA,NA,Macrophyte,Aquatic_Producer,NA,NA,NA
Macrophyte,NA,NA,MR,2020-01-15,NA,2,-29.88856951,1.107280755,8.87,37.94,2.62,0.41,NA,NA,Macrophyte,Aquatic_Producer,NA,NA,NA
Macrophyte,NA,NA,MR,2020-01-15,NA,3,-28.88207287,3.331823137,8.81,21.37,1.2,0.34,NA,NA,Macrophyte,Aquatic_Producer,NA,NA,NA
Filamentous_algae,NA,NA,MR,2020-01-15,NA,1,-27.82399532,9.4092964,12.34,6.91,0.65,0.27,NA,NA,Filamentous Algae,Aquatic_Producer,NA,NA,NA
Filamentous_algae,NA,NA,MR,2020-01-15,NA,2,-31.601683,5.497516954,10.12,44.2,4.64,0.26,NA,NA,Filamentous Algae,Aquatic_Producer,NA,NA,NA
Periphyton,NA,NA,MR,2020-01-15,NA,1,-23.7812874,9.738415467,14.54,12.85,1,0.6,NA,NA,Periphyton,Aquatic_Producer,NA,NA,NA
Macrophyte,NA,NA,NB,2020-01-15,NA,2,-23.6063615,8.913362121,7.72,39.4,1.58,0.27,NA,NA,Macrophyte,Aquatic_Producer,NA,NA,NA
Macrophyte,NA,NA,NB,2020-01-15,NA,3,-14.77076617,5.082697783,9.74,42.14,0.85,0.23,NA,NA,Macrophyte,Aquatic_Producer,NA,NA,NA
Macrophyte,NA,NA,NB,2020-01-15,NA,4,-27.21509463,8.565032878,5.88,41.95,1.16,0.47,NA,NA,Macrophyte,Aquatic_Producer,NA,NA,NA
Filamentous_algae,NA,NA,NB,2020-01-15,NA,1,-23.46489518,7.933482296,18.57,16.88,1.51,2.02,NA,NA,Filamentous Algae,Aquatic_Producer,NA,NA,NA
Filamentous_algae,NA,NA,NB,2020-01-15,NA,2,-23.74555944,8.618343145,19.35,25.71,2.06,2.68,NA,NA,Filamentous Algae,Aquatic_Producer,NA,NA,NA
Macrophyte,NA,NA,PD,2020-01-15,NA,1,-29.57919137,6.828263576,8.41,41.45,3.1,0.18,NA,NA,Macrophyte,Aquatic_Producer,NA,NA,NA
Macrophyte,NA,NA,PD,2020-01-15,NA,2,-27.91424851,5.438973788,10.88,34.77,1.1,0.29,NA,NA,Macrophyte,Aquatic_Producer,NA,NA,NA
Filamentous_algae,NA,NA,PD,2020-01-15,NA,1,-23.37887884,3.34869422,10.09,14.42,0.8,0.26,NA,NA,Filamentous Algae,Aquatic_Producer,NA,NA,NA
Periphyton,NA,NA,PD,2020-01-15,NA,1,-27.29508259,2.924323044,9.1,31.72,1.1,0.1,NA,NA,Periphyton,Aquatic_Producer,NA,NA,NA
Filamentous_algae,NA,NA,PL,2020-01-15,NA,1,-25.39347533,11.1712233,12.43,15.73,1.55,0.42,NA,NA,Filamentous Algae,Aquatic_Producer,NA,NA,NA
Filamentous_algae,NA,NA,PL,2020-01-15,NA,2,-25.72365794,10.66378194,12.48,16.58,1.49,0.39,NA,NA,Filamentous Algae,Aquatic_Producer,NA,NA,NA
Periphyton,NA,NA,PL,2020-01-15,NA,1,-20.51411008,10.89635989,4.11,10.51,0.81,0.42,NA,NA,Periphyton,Aquatic_Producer,NA,NA,NA
Macrophyte,NA,NA,SF,2020-01-15,NA,1,-30.13281541,24.70130926,-1.54,40.02,5.6,0.34,NA,NA,Macrophyte,Aquatic_Producer,NA,NA,NA
Periphyton,NA,NA,SF,2020-01-15,NA,1,-15.1578144,13.23234644,12.94,11.44,0.7,0.19,NA,NA,Periphyton,Aquatic_Producer,NA,NA,NA
Filamentous_algae,NA,NA,TR,2020-01-15,NA,1,-18.71532073,15.06583208,9.06,14.09,1.27,0.32,NA,NA,Filamentous Algae,Aquatic_Producer,NA,NA,NA
Periphyton,NA,NA,TR,2020-01-15,NA,1,-25.57996736,9.94813468,11.89,4.72,0.64,1.16,NA,NA,Periphyton,Aquatic_Producer,NA,NA,NA
Macrophyte,NA,NA,UN,2020-01-15,NA,1,-29.4367146,11.36871251,8.52,31.97,2.39,0.44,NA,NA,Macrophyte,Aquatic_Producer,NA,NA,NA
Macrophyte,NA,NA,UN,2020-01-15,NA,2,-30.19082381,8.842699104,5.31,7.74,1.22,0.34,NA,NA,Macrophyte,Aquatic_Producer,NA,NA,NA
Macrophyte,NA,NA,UN,2020-01-15,NA,3,-29.563926,8.824673619,8.63,39.63,3.34,0.33,NA,NA,Macrophyte,Aquatic_Producer,NA,NA,NA
Macrophyte,NA,NA,UN,2020-01-15,NA,4,-30.21728378,11.76011406,4.34,37.93,1.19,0.45,NA,NA,Macrophyte,Aquatic_Producer,NA,NA,NA
Macrophyte,NA,NA,UN,2020-01-15,NA,5,-18.39680005,7.551479358,3.46,33.87,1.72,0.36,NA,NA,Macrophyte,Aquatic_Producer,NA,NA,NA
Filamentous_algae,NA,NA,UN,2020-01-15,NA,1,-19.82566388,7.507009959,7.74,9.59,1,0.2,NA,NA,Filamentous Algae,Aquatic_Producer,NA,NA,NA
Periphyton,NA,NA,UN,2020-01-15,NA,1,-14.83184245,9.58585542,7.38,13.54,0.93,0.33,NA,NA,Periphyton,Aquatic_Producer,NA,NA,NA
Periphyton,NA,NA,UN,2020-01-15,NA,2,-20.24497736,9.31447513,9.08,11.71,0.84,0.32,NA,NA,Periphyton,Aquatic_Producer,NA,NA,NA
Periphyton,NA,NA,UN,2020-01-15,NA,3,-11.16136871,7.113156542,11.06,14.55,0.85,0.18,NA,NA,Periphyton,Aquatic_Producer,NA,NA,NA
Periphyton,NA,NA,UN,2020-01-15,NA,4,-26.3763369,9.083994007,8.61,5.02,0.6,0.32,NA,NA,Periphyton,Aquatic_Producer,NA,NA,NA
Macrophyte,NA,NA,WM,2020-01-15,NA,1,-26.54691384,7.111344004,8.79,43.64,1.81,0.18,NA,NA,Macrophyte,Aquatic_Producer,NA,NA,NA
Macrophyte,NA,NA,WM,2020-01-15,NA,2,-31.67816875,10.78657647,5.19,35.35,3.91,0.19,NA,NA,Macrophyte,Aquatic_Producer,NA,NA,NA
Macrophyte,NA,NA,WM,2020-01-15,NA,3,-29.23500561,8.29566589,7.72,31.52,2.28,0.26,NA,NA,Macrophyte,Aquatic_Producer,NA,NA,NA
Coarse_detritus,NA,NA,AR,2020-01-15,NA,1,-21.14725517,8.43785685,4.59,37.51,1.56,0.26,NA,NA,Coarse Detritus,Aquatic_Producer,NA,NA,NA
Coarse_detritus,NA,NA,AR,2020-01-15,NA,2,-28.26390102,11.12605914,4.58,47.11,1.21,0.25,NA,NA,Coarse Detritus,Aquatic_Producer,NA,NA,NA
Coarse_detritus,NA,NA,AR,2020-01-15,NA,3,-28.82602946,7.073647898,3.8,47.98,1.25,0.29,NA,NA,Coarse Detritus,Aquatic_Producer,NA,NA,NA
Coarse_detritus,NA,NA,AR,2020-01-15,NA,4,-29.68501295,10.15601322,3.47,36.34,1.75,0.26,NA,NA,Coarse Detritus,Aquatic_Producer,NA,NA,NA
Coarse_detritus,NA,NA,AR,2020-01-15,NA,5,-29.874315,11.53185444,2.99,46.59,2.51,0.19,NA,NA,Coarse Detritus,Aquatic_Producer,NA,NA,NA
Coarse_detritus,NA,NA,AR,2020-01-15,NA,6,-29.16392344,9.624916467,4.81,30.57,1.81,0.27,NA,NA,Coarse Detritus,Aquatic_Producer,NA,NA,NA
Coarse_detritus,NA,NA,BB,2020-01-15,NA,1,-13.88236293,4.850056007,10.34,33.56,2.24,0.57,NA,NA,Coarse Detritus,Aquatic_Producer,NA,NA,NA
Coarse_detritus,NA,NA,BB,2020-01-15,NA,2,-15.12198602,6.474410426,4.69,38.02,2.12,0.42,NA,NA,Coarse Detritus,Aquatic_Producer,NA,NA,NA
Coarse_detritus,NA,NA,CB,2020-01-15,NA,1,-13.24321408,4.280880616,9.15,30.73,2.52,0.41,NA,NA,Coarse Detritus,Aquatic_Producer,NA,NA,NA
Coarse_detritus,NA,NA,CB,2020-01-15,NA,2,-13.02032618,4.394114452,12.77,30.81,1.37,0.46,NA,NA,Coarse Detritus,Aquatic_Producer,NA,NA,NA
Coarse_detritus,NA,NA,EM,2020-01-15,NA,1,-30.29261146,7.524579106,4.74,41.75,1.28,0.2,NA,NA,Coarse Detritus,Aquatic_Producer,NA,NA,NA
Coarse_detritus,NA,NA,EM,2020-01-15,NA,2,-28.52986336,4.570478658,6.53,46.67,1.17,0.17,NA,NA,Coarse Detritus,Aquatic_Producer,NA,NA,NA
Coarse_detritus,NA,NA,EM,2020-01-15,NA,3,-28.49729526,4.394114452,5.22,47.17,1.02,0.26,NA,NA,Coarse Detritus,Aquatic_Producer,NA,NA,NA
Coarse_detritus,NA,NA,GC,2020-01-15,NA,6,-28.78531935,2.212609474,1.24,43.18,0.55,0.26,NA,NA,Coarse Detritus,Aquatic_Producer,NA,NA,NA
Coarse_detritus,NA,NA,GC,2020-01-15,NA,3,-30.4432389,3.524318255,-0.13,45.45,0.48,0.14,NA,NA,Coarse Detritus,Aquatic_Producer,NA,NA,NA
Coarse_detritus,NA,NA,GC,2020-01-15,NA,4,-29.44787652,2.576360649,9.33,42.29,2.03,0.17,NA,NA,Coarse Detritus,Aquatic_Producer,NA,NA,NA
Coarse_detritus,NA,NA,GC,2020-01-15,NA,5,-27.57521109,2.679573792,-0.59,45.41,1.01,0.14,NA,NA,Coarse Detritus,Aquatic_Producer,NA,NA,NA
Coarse_detritus,NA,NA,GC,2020-01-15,NA,1,-28.55632493,4.934229833,-0.93,44.98,1.4,0.27,NA,NA,Coarse Detritus,Aquatic_Producer,NA,NA,NA
Coarse_detritus,NA,NA,GC,2020-01-15,NA,2,-28.33954356,2.023218367,-0.84,42.43,1.24,0.2,NA,NA,Coarse Detritus,Aquatic_Producer,NA,NA,NA
Coarse_detritus,NA,NA,GC,2020-01-15,NA,7,-31.57803344,10.85144935,-3.2,43.1,2.53,0.13,NA,NA,Coarse Detritus,Aquatic_Producer,NA,NA,NA
Coarse_detritus,NA,NA,HB,2020-01-15,NA,1,-13.13635002,12.1120526,13.94,39.26,0.74,0.49,NA,NA,Coarse Detritus,Aquatic_Producer,NA,NA,NA
Coarse_detritus,NA,NA,HB,2020-01-15,NA,2,-18.56199098,11.64108,14.17,26.68,1.79,0.28,NA,NA,Coarse Detritus,Aquatic_Producer,NA,NA,NA
Coarse_detritus,NA,NA,HB,2020-01-15,NA,3,-18.46937547,14.45990109,15.04,6.33,0.81,0.32,NA,NA,Coarse Detritus,Aquatic_Producer,NA,NA,NA
Coarse_detritus,NA,NA,HB,2020-01-15,NA,4,-17.6338003,7.847245437,15.06,32.67,1.83,0.53,NA,NA,Coarse Detritus,Aquatic_Producer,NA,NA,NA
Coarse_detritus,NA,NA,LB,2020-01-15,NA,1,-25.557007,5.190759587,9.57,39.81,0.9,0.61,NA,NA,Coarse Detritus,Aquatic_Producer,NA,NA,NA
Coarse_detritus,NA,NA,LB,2020-01-15,NA,2,-15.49346585,6.796074688,10.05,17.01,0.82,0.32,NA,NA,Coarse Detritus,Aquatic_Producer,NA,NA,NA
Coarse_detritus,NA,NA,LN,2020-01-15,NA,1,-27.41644163,6.898285762,1.55,43.68,1.06,0.59,NA,NA,Coarse Detritus,Aquatic_Producer,NA,NA,NA
Coarse_detritus,NA,NA,LN,2020-01-15,NA,2,-25.70661668,5.04746367,1.72,40.23,1.77,0.41,NA,NA,Coarse Detritus,Aquatic_Producer,NA,NA,NA
Coarse_detritus,NA,NA,LN,2020-01-15,NA,3,-28.14108173,5.317020325,3.61,41.43,1.73,0.54,NA,NA,Coarse Detritus,Aquatic_Producer,NA,NA,NA
Coarse_detritus,NA,NA,MR,2020-01-15,NA,2,-27.118240019999998,11.987796,6.71,27.54,1.94,0.17,NA,NA,Coarse Detritus,Aquatic_Producer,NA,NA,NA
Coarse_detritus,NA,NA,MR,2020-01-15,NA,3,-25.58753958,10.3464064,4.96,9.6,1.44,0.28,NA,NA,Coarse Detritus,Aquatic_Producer,NA,NA,NA
Coarse_detritus,NA,NA,MR,2020-01-15,NA,1,-29.441770000000002,3.386032685,1.1,44.9,0.89,0.26,NA,NA,Coarse Detritus,Aquatic_Producer,NA,NA,NA
Coarse_detritus,NA,NA,NB,2020-01-15,NA,1,-14.84006845,5.532465236,12.85,29.94,2.22,0.64,NA,NA,Coarse Detritus,Aquatic_Producer,NA,NA,NA
Coarse_detritus,NA,NA,NB,2020-01-15,NA,2,-15.97995176,6.295040012,6.5,29.01,2.02,0.79,NA,NA,Coarse Detritus,Aquatic_Producer,NA,NA,NA
Coarse_detritus,NA,NA,PL,2020-01-15,NA,1,-29.39393561,7.026550639,5.13,37.13,1.21,0.62,NA,NA,Coarse Detritus,Aquatic_Producer,NA,NA,NA
Coarse_detritus,NA,NA,PL,2020-01-15,NA,2,-27.41193943,1.142743269,5.8,45.48,1.44,0.23,NA,NA,Coarse Detritus,Aquatic_Producer,NA,NA,NA
Coarse_detritus,NA,NA,SF,2020-01-15,NA,1,-24.73713714,11.79565224,1.61,11.14,1.06,0.24,NA,NA,Coarse Detritus,Aquatic_Producer,NA,NA,NA
Coarse_detritus,NA,NA,SF,2020-01-15,NA,2,-28.94824657,12.51125832,1.62,24.85,1.74,0.24,NA,NA,Coarse Detritus,Aquatic_Producer,NA,NA,NA
Coarse_detritus,NA,NA,TR,2020-01-15,NA,1,-28.19834867,9.469332343,9.85,42.38,2.56,0.6,NA,NA,Coarse Detritus,Aquatic_Producer,NA,NA,NA
Coarse_detritus,NA,NA,TR,2020-01-15,NA,2,-31.68672297,9.427558199,9.38,40.21,1.36,0.35,NA,NA,Coarse Detritus,Aquatic_Producer,NA,NA,NA
Coarse_detritus,NA,NA,TR,2020-01-15,NA,3,-29.91354233,2.680861121,7.79,42.53,0.97,0.24,NA,NA,Coarse Detritus,Aquatic_Producer,NA,NA,NA
Coarse_detritus,NA,NA,UN,2020-01-15,NA,4,-26.66922141,8.176529627,4.25,25.55,1.54,0.29,NA,NA,Coarse Detritus,Aquatic_Producer,NA,NA,NA
Coarse_detritus,NA,NA,UN,2020-01-15,NA,3,-26.79131204,6.426602157,5.78,47.33,2.31,0.24,NA,NA,Coarse Detritus,Aquatic_Producer,NA,NA,NA
Coarse_detritus,NA,NA,UN,2020-01-15,NA,2,-28.76918031,10.1720082,5.93,28.38,1.27,0.22,NA,NA,Coarse Detritus,Aquatic_Producer,NA,NA,NA
Coarse_detritus,NA,NA,UN,2020-01-15,NA,5,-28.92993297,10.89964127,1.19,37.35,1.42,0.31,NA,NA,Coarse Detritus,Aquatic_Producer,NA,NA,NA
Coarse_detritus,NA,NA,UN,2020-01-15,NA,1,-27.65408585,5.311098564,4.05,46.57,1.52,0.34,NA,NA,Coarse Detritus,Aquatic_Producer,NA,NA,NA
Coarse_detritus,NA,NA,WM,2020-01-15,NA,1,-28.2218073,6.498764115,4.22,43.47,1.57,0.27,NA,NA,Coarse Detritus,Aquatic_Producer,NA,NA,NA
Coarse_detritus,NA,NA,WM,2020-01-15,NA,2,-27.58998827,4.204615216,1.01,43.18,1.16,0.32,NA,NA,Coarse Detritus,Aquatic_Producer,NA,NA,NA
Mix_tv,NA,NA,GC,2020-01-15,NA,1,-31.08289821,3.164613536,1.12,38.97,3.31,0.31,NA,NA,Mixed TV,Terrestrial_Producer,NA,NA,NA
Mix_tv,NA,NA,GC,2020-01-15,NA,2,-31.84052913,19.88975885,1.46,32.65,2.81,0.32,NA,NA,Mixed TV,Terrestrial_Producer,NA,NA,NA
Mix_tv,NA,NA,GC,2020-01-15,NA,3,-30.89781253,1.357789046,0.98,41.4,4.41,0.29,NA,NA,Mixed TV,Terrestrial_Producer,NA,NA,NA
Mix_tv,NA,NA,GC,2020-01-15,NA,4,-30.56120068,12.90183509,3.66,46.33,5.7,0.38,NA,NA,Mixed TV,Terrestrial_Producer,NA,NA,NA
Mix_tv,NA,NA,GC,2020-01-15,NA,5,-27.53067701,1.047303685,-2.08,44.64,5.43,0.41,NA,NA,Mixed TV,Terrestrial_Producer,NA,NA,NA
Mix_tv,NA,NA,LN,2020-01-15,NA,3,-29.71712865,3.642360366,5.19,42.39,4.07,0.47,NA,NA,Mixed TV,Terrestrial_Producer,NA,NA,NA
Mix_tv,NA,NA,LN,2020-01-15,NA,4,-30.47882738,5.415131623,5.7,38.87,2.1,0.37,NA,NA,Mixed TV,Terrestrial_Producer,NA,NA,NA
Mix_tv,NA,NA,LN,2020-01-15,NA,5,-27.63949111,5.836790774,7.74,46.25,0.95,0.7,NA,NA,Mixed TV,Terrestrial_Producer,NA,NA,NA
Mix_tv,NA,NA,LN,2020-01-15,NA,6,-30.16560547,4.107086842,6.7,32.46,3.12,0.52,NA,NA,Mixed TV,Terrestrial_Producer,NA,NA,NA
Mix_tv,NA,NA,LN,2020-01-15,NA,1,-20.20352162,6.186337197,5.51,42.34,2.97,0.37,NA,NA,Mixed TV,Terrestrial_Producer,NA,NA,NA
Mix_tv,NA,NA,LN,2020-01-15,NA,2,-32.7903644,-1.534732642,5.12,42.91,3.96,0.36,NA,NA,Mixed TV,Terrestrial_Producer,NA,NA,NA
Mix_tv,NA,NA,LN,2020-01-15,NA,8,-30.97510106,5.910906635,5.57,32.06,3.55,0.67,NA,NA,Mixed TV,Terrestrial_Producer,NA,NA,NA
Mix_tv,NA,NA,LN,2020-01-15,NA,9,-32.05815734,0.545519279,7.51,50.44,3.64,0.68,NA,NA,Mixed TV,Terrestrial_Producer,NA,NA,NA
Mix_tv,NA,NA,LN,2020-01-15,NA,10,-31.58629056,6.521861701,5.76,36.74,3.34,0.76,NA,NA,Mixed TV,Terrestrial_Producer,NA,NA,NA
Mix_tv,NA,NA,LN,2020-01-15,NA,7,-31.549680209999998,5.364051773,2.72,37.64,3.72,0.16,NA,NA,Mixed TV,Terrestrial_Producer,NA,NA,NA
Mix_tv,NA,NA,PD,2020-01-15,NA,1,-29.2025498,6.998606965,16.88,42.37,3.3,0.46,NA,NA,Mixed TV,Terrestrial_Producer,NA,NA,NA
Mix_tv,NA,NA,TR,2020-01-15,NA,3,-29.17610899,17.79248032,14.15,36.89,3.9,1.77,NA,NA,Mixed TV,Terrestrial_Producer,NA,NA,NA
Mix_tv,NA,NA,TR,2020-01-15,NA,4,-29.67238266,3.050435048,12.1,40.28,5.34,0.43,NA,NA,Mixed TV,Terrestrial_Producer,NA,NA,NA
Mix_tv,NA,NA,TR,2020-01-15,NA,1,-19.74690916,12.02145886,11.16,31.33,1.54,0.25,NA,NA,Mixed TV,Terrestrial_Producer,NA,NA,NA
Mix_tv,NA,NA,TR,2020-01-15,NA,2,-14.80857931,9.025775905,9.84,34.91,1.44,0.48,NA,NA,Mixed TV,Terrestrial_Producer,NA,NA,NA
Mix_tv,NA,NA,UN,2020-01-15,NA,11,-27.57440604,4.257321695,4.55,40.58,5.61,1.21,NA,NA,Mixed TV,Terrestrial_Producer,NA,NA,NA
Mix_tv,NA,NA,UN,2020-01-15,NA,12,-30.74120158,0.68674004,0.98,43.48,3.9,0.56,NA,NA,Mixed TV,Terrestrial_Producer,NA,NA,NA
Mix_tv,NA,NA,UN,2020-01-15,NA,13,-28.97780291,5.592408748,-2.25,36.58,3.46,0.46,NA,NA,Mixed TV,Terrestrial_Producer,NA,NA,NA
Mix_tv,NA,NA,UN,2020-01-15,NA,14,-30.45543743,7.580516626,-1.8,47.59,1.55,0.68,NA,NA,Mixed TV,Terrestrial_Producer,NA,NA,NA
Mix_tv,NA,NA,UN,2020-01-15,NA,1,-14.66925658,4.664958927,-0.93,39.69,1.8,0.44,NA,NA,Mixed TV,Terrestrial_Producer,NA,NA,NA
Mix_tv,NA,NA,UN,2020-01-15,NA,2,-12.49500839,4.839231356,0.64,43.2,1.96,0.32,NA,NA,Mixed TV,Terrestrial_Producer,NA,NA,NA
Mix_tv,NA,NA,UN,2020-01-15,NA,3,-15.62722749,5.345022025,1.07,39.66,1.27,0.36,NA,NA,Mixed TV,Terrestrial_Producer,NA,NA,NA
Mix_tv,NA,NA,UN,2020-01-15,NA,4,-30.21441928,5.565366475,1.22,87.39,7.9,0.33,NA,NA,Mixed TV,Terrestrial_Producer,NA,NA,NA
Mix_tv,NA,NA,UN,2020-01-15,NA,5,-28.52525826,6.346587706,1.41,44.05,6.94,0.4,NA,NA,Mixed TV,Terrestrial_Producer,NA,NA,NA
Mix_tv,NA,NA,UN,2020-01-15,NA,6,-30.46357307,4.960420803,3.09,37.94,4.23,0.18,NA,NA,Mixed TV,Terrestrial_Producer,NA,NA,NA
Mix_tv,NA,NA,UN,2020-01-15,NA,7,-29.5737381,7.44730839,1.2,39.44,3.96,0.41,NA,NA,Mixed TV,Terrestrial_Producer,NA,NA,NA
Mix_tv,NA,NA,UN,2020-01-15,NA,8,-31.42967961,4.525741297,1.41,45.75,2.43,0.3,NA,NA,Mixed TV,Terrestrial_Producer,NA,NA,NA
Mix_tv,NA,NA,UN,2020-01-15,NA,9,-31.27713647,4.484677104,1.61,46.28,1.97,0.14,NA,NA,Mixed TV,Terrestrial_Producer,NA,NA,NA
Mix_tv,NA,NA,UN,2020-01-15,NA,10,-31.5120529,5.606430668,2.7,44.33,2.72,0.24,NA,NA,Mixed TV,Terrestrial_Producer,NA,NA,NA
Aeshnidae,NA,NA,AR,2020-01-15,NA,1,-28.55520657,14.23674433,4.02,46.7,12.31,0.68,Odonata,Aeshnidae,NA,Invertebrate,Freshwater,NA,1
Coenagrionidae,NA,NA,AR,2020-01-15,NA,1,-26.12460155,15.32730227,4.41,46.39,12.64,0.86,Odonata,Coenagrionidae,NA,Invertebrate,Freshwater,NA,2
Rharrisii,NA,NA,CB,2020-01-15,NA,1,-18.79003133,8.459668047,15.68,20.96,3.25,0.45,Decapoda,Panopeidae,NA,Invertebrate,Euryhaline,NA,3
Belastomatidae,NA,NA,EM,2020-01-15,NA,1,-31.34782979,4.488636664,10.98,50.42,11.61,0.5,Hemiptera,Belastomatidae,NA,Invertebrate,Freshwater,NA,4
Coenagrionidae,NA,NA,EM,2020-01-15,NA,1,-31.75370181,15.03492922,8.59,41.68,12.05,0.7,Odonata,Coenagrionidae,NA,Invertebrate,Freshwater,NA,5
Gomphidae,NA,NA,EM,2020-01-15,NA,1,-28.97875003,12.92725455,7.13,43.69,11.57,0.58,Odonata,Gomphidae,NA,Invertebrate,Freshwater,NA,6
Hyalellidae,NA,NA,EM,2020-01-15,NA,1,-30.93685745,13.0975888,8.05,38.68,10.21,0.71,Amphipoda,Hyalellidae,NA,Invertebrate,Freshwater,NA,7
Nepidae,NA,NA,EM,2020-01-15,NA,1,-21.03670172,6.802470478,8.8,47.94,11.06,0.5,Hemiptera,Nepidae,NA,Invertebrate,Freshwater,NA,8
Physidae,NA,NA,EM,2020-01-15,NA,1,-28.90763199,13.56811056,9.82,31.23,6.69,0.7,Basommatophora,Physidae,NA,Invertebrate,Freshwater,NA,9
Planorbidae,NA,NA,EM,2020-01-15,NA,1,-33.47415754,13.45983996,9.11,33.1,8.69,0.66,Basommatophora,Planorbidae,NA,Invertebrate,Freshwater,NA,10
Baetidae,NA,NA,GC,2020-01-15,NA,1,-35.44192237,14.33814725,3.71,39.96,10.87,0.72,Ephemeroptera,Baetidae,NA,Invertebrate,Freshwater,NA,11
Coenagrionidae,NA,NA,GC,2020-01-15,NA,1,-31.21835924,10.96470964,1.4,44.18,11.62,0.58,Odonata,Coenagrionidae,NA,Invertebrate,Freshwater,NA,12
Corduliidae,NA,NA,GC,2020-01-15,NA,1,-31.26441301,5.108953924,-0.57,45.2,11.69,0.59,Odonata,Corduliidae,NA,Invertebrate,Freshwater,NA,13
Gomphidae,NA,NA,GC,2020-01-15,NA,1,-29.6165088,9.220838991,0.11,46.26,11.15,0.55,Odonata,Gomphidae,NA,Invertebrate,Freshwater,NA,14
Hyalellidae,NA,NA,GC,2020-01-15,NA,1,-33.93816316,10.18650708,2.13,42,11.17,0.83,Amphipoda,Hyalellidae,NA,Invertebrate,Freshwater,NA,15
Chironomidae,NA,NA,LN,2020-01-15,NA,1,-25.56749719,7.179575173,3.45,41.38,9.46,0.69,Diptera,Chironomidae,NA,Invertebrate,Freshwater,NA,16
Rharrisii,NA,NA,LN,2020-01-15,NA,1,-20.99372802,11.43055501,8.92,23.22,3.87,0.26,Decapoda,Panopeidae,NA,Invertebrate,Euryhaline,NA,17
Rharrisii,NA,NA,LN,2020-01-15,NA,2,-20.36919447,8.99882155,11.53,22.45,3.16,0.28,Decapoda,Panopeidae,NA,Invertebrate,Euryhaline,NA,18
Rharrisii,NA,NA,LN,2020-01-15,NA,3,-20.21942867,8.832540563,10.44,20.99,2.85,0.23,Decapoda,Panopeidae,NA,Invertebrate,Euryhaline,NA,19
Coenagrionidae,NA,NA,MR,2020-01-15,NA,1,-32.7188441,10.99189478,8.66,46.07,12.32,0.84,Odonata,Coenagrionidae,NA,Invertebrate,Freshwater,NA,20
Gyrinidae,NA,NA,MR,2020-01-15,NA,1,-32.11180544,12.11904329,8.99,48.49,11.82,0.8,Coleoptera,Gyrinidae,NA,Invertebrate,Freshwater,NA,21
Naucoridae,NA,NA,MR,2020-01-15,NA,1,-21.84643032,7.812663158,10.69,48.06,12.07,0.49,Hemiptera,Naucoridae,NA,Invertebrate,Freshwater,NA,22
Melanoides,NA,NA,PD,2020-01-15,NA,1,-16.18425517,2.653017587,11.96,15.66,1.11,0.23,Neotaenioglossa,Thiaridae,NA,Invertebrate,Freshwater,NA,23
C.sapidus,NA,NA,PL,2020-01-15,80,1,-25.4082531,11.58171954,9.95,35.63,6.07,0.31,Decapoda,Portunidae,NA,Invertebrate,Freshwater,NA,24
Belastomatidae,NA,NA,UN,2020-01-15,NA,1,-27.52236794,11.93847504,6.92,47.48,12.25,0.56,Hemiptera,Belastomatidae,NA,Invertebrate,Freshwater,NA,25
Coenagrionidae,NA,NA,UN,2020-01-15,NA,1,-29.27024977,12.51879644,5.95,45.28,12.19,0.71,Odonata,Coenagrionidae,NA,Invertebrate,Freshwater,NA,26
Gomphidae,NA,NA,UN,2020-01-15,NA,1,-26.51112202,10.26915887,6.18,47.12,10.57,0.59,Odonata,Gomphidae,NA,Invertebrate,Freshwater,NA,27
Hyalellidae,NA,NA,UN,2020-01-15,NA,1,-26.18862357,9.536334863,5.82,40.02,10.39,0.86,Amphipoda,Hyalellidae,NA,Invertebrate,Freshwater,NA,28
Coenagrionidae,NA,NA,UN,2020-01-15,NA,1,-29.02300846,11.34489511,5.66,42.22,10.31,0.8,Odonata,Coenagrionidae,NA,Invertebrate,Freshwater,NA,29
Naucoridae,NA,NA,UN,2020-01-15,NA,1,-26.17647667,10.32056686,8.17,49.82,11.74,0.46,Hemiptera,Naucoridae,NA,Invertebrate,Freshwater,NA,30
Physidae,NA,NA,UN,2020-01-15,NA,1,-26.28280349,10.46183799,6.11,38.3,10.4,0.66,Basommatophora,Physidae,NA,Invertebrate,Freshwater,NA,31
